{
  "total_return_pct": -0.0016223988904393628,
  "annualized_return_pct": -0.014143915462090484,
  "cagr": -0.014143915462090484,
  "sharpe_ratio": -3.6265643216241563,
  "sortino_ratio": -1.794506773857027,
  "calmar_ratio": -8.341207926383884,
  "information_ratio": -2.161498236748529,
  "omega_ratio": 0.23067775507545135,
  "max_drawdown_pct": 0.0016956675324388197,
  "max_drawdown_duration_days": 37.6625,
  "avg_drawdown_pct": 0.0011623542750138114,
  "recovery_factor": -0.956790679424004,
  "volatility_annualized": 0.00379847073973668,
  "downside_deviation": 0.0004018025009983212,
  "upside_deviation": 0.00017697389281137166,
  "var_95": -43.63171540040612,
  "cvar_95": -44.40469310950649,
  "total_trades": 17,
  "winning_trades": 7,
  "losing_trades": 10,
  "win_rate": 0.4117647058823529,
  "profit_factor": 0.3725201513373646,
  "expectancy": -9.543522884937358,
  "expectancy_ratio": -0.36910579333096216,
  "no_loss_trades": false,
  "no_win_trades": false,
  "profit_factor_capped": false,
  "avg_win": 13.759719739757665,
  "avg_loss": -25.855792722223867,
  "avg_win_loss_ratio": 0.5321716447676638,
  "largest_win": 46.47982655267246,
  "largest_loss": -44.42444351141446,
  "avg_trade_duration_minutes": 15.0,
  "median_trade_duration_minutes": 12.0,
  "max_consecutive_wins": 5,
  "max_consecutive_losses": 5,
  "avg_consecutive_wins": 2.3333333333333335,
  "avg_consecutive_losses": 3.3333333333333335,
  "total_spread_cost": 49.53735442348424,
  "total_swap_cost": 0.13440462348330393,
  "total_slippage_cost": 43.56603664854384,
  "total_commission": 8.256225737247375,
  "total_fees": 101.49402143275876,
  "fee_impact_pct": 0.0010149402143275876,
  "avg_spread_per_trade": 2.9139620249108376,
  "avg_slippage_per_trade": 2.562708038149638,
  "risk_of_ruin": 0.0,
  "monte_carlo_runs": 10000,
  "mc_confidence_95_percentile": 99779.95577051482,
  "mc_worst_case": 99669.05185763307,
  "mc_best_case": 99955.99336671858,
  "mc_max_drawdown_median": 0.0017691913921023088,
  "mc_max_drawdown_95pct": 0.0022167598616136246,
  "mc_max_drawdown_worst": 0.003118254207326784,
  "wfa_passed": true,
  "wfa_total_windows": 2,
  "wfa_failed_windows": 0,
  "wfa_avg_sharpe": -23.97614881725334,
  "wfa_min_sharpe": -32.858574235872915,
  "stress_test_passed": true,
  "stress_scenarios": [
    {
      "name": "flash_crash",
      "impact": -1781.3141743284611,
      "drawdown": 0.017813141743284612,
      "peak_notional": 8906.570871642305,
      "passed": true
    },
    {
      "name": "volatility_spike",
      "impact": -23.06437234334674,
      "cost_pct": 0.0002306437234334674,
      "affected_trades": 3,
      "passed": true
    },
    {
      "name": "correlation_breakdown",
      "impact": -7284.905062277095,
      "drawdown": 0.07284905062277094,
      "affected_positions": 10,
      "source_rows": 60000,
      "passed": true
    }
  ],
  "trend_up_sharpe": 0.0,
  "trend_down_sharpe": 0.0,
  "range_sharpe": 0.0,
  "high_vol_sharpe": 0.0,
  "total_days": 41.63333333333333,
  "trading_days": 41.6,
  "avg_trades_per_day": 0.40865384615384615,
  "best_day_return": 0.00041321435055073364,
  "worst_day_return": -0.0011361843022523986,
  "avg_position_size_pct": 0.04861166634667874,
  "max_position_size_pct": 0.08918106972940404,
  "kelly_optimal_fraction": 0.0,
  "symbol": "BTC",
  "timeframe": "M1",
  "start_date": "2026-03-19 23:23:00+00:00",
  "end_date": "2026-04-30 14:35:00+00:00",
  "initial_capital": 100000.0,
  "final_capital": 99837.76011095606,
  "institutional_grade": false,
  "metric_notes": []
}