{
  "total_return_pct": 0.08446763709721795,
  "annualized_return_pct": 0.5391423140457028,
  "cagr": 1.0369800272585867,
  "sharpe_ratio": 13.115094573674035,
  "sortino_ratio": 42.229298928365154,
  "calmar_ratio": 186.17075597354088,
  "information_ratio": -12.110325086773118,
  "omega_ratio": 30.56762501446122,
  "max_drawdown_pct": 0.00289595597990872,
  "max_drawdown_duration_days": 8.0,
  "avg_drawdown_pct": 0.0007347520572090838,
  "recovery_factor": 29.16744511423145,
  "volatility_annualized": 0.04110853421735324,
  "downside_deviation": 0.000804246679345115,
  "upside_deviation": 0.002525365598517973,
  "var_95": -85.71260553028246,
  "cvar_95": -125.33354405440033,
  "total_trades": 180,
  "winning_trades": 145,
  "losing_trades": 35,
  "win_rate": 0.8055555555555556,
  "profit_factor": 4.85806931593699,
  "expectancy": 46.92646505400997,
  "expectancy_ratio": 0.7501801447655256,
  "no_loss_trades": false,
  "no_win_trades": false,
  "profit_factor_capped": false,
  "avg_win": 73.35268647895357,
  "avg_loss": -62.5535951350421,
  "avg_win_loss_ratio": 1.1726374210882389,
  "largest_win": 204.55257787257926,
  "largest_loss": -152.77088845822593,
  "avg_trade_duration_minutes": 34.0,
  "median_trade_duration_minutes": 24.0,
  "max_consecutive_wins": 3,
  "max_consecutive_losses": 32,
  "avg_consecutive_wins": 1.2962962962962963,
  "avg_consecutive_losses": 5.214285714285714,
  "total_spread_cost": 1771.341107977317,
  "total_swap_cost": 9.21795582878681,
  "total_slippage_cost": 995.4880610227464,
  "total_commission": 295.2235179962195,
  "total_fees": 3071.27064282507,
  "fee_impact_pct": 0.030712706428250698,
  "avg_spread_per_trade": 9.840783933207318,
  "avg_slippage_per_trade": 5.530489227904146,
  "risk_of_ruin": 0.0,
  "monte_carlo_runs": 10000,
  "mc_confidence_95_percentile": 107607.84082261531,
  "mc_worst_case": 107097.08390341542,
  "mc_best_case": 108309.45240924058,
  "wfa_passed": true,
  "wfa_total_windows": 5,
  "wfa_failed_windows": 2,
  "wfa_avg_sharpe": 1.3089447114794788,
  "wfa_min_sharpe": -35.38352810364643,
  "stress_test_passed": true,
  "stress_scenarios": [
    {
      "name": "flash_crash",
      "impact": -4332.1500783344,
      "drawdown": 0.043321500783344,
      "peak_notional": 21660.750391671998,
      "passed": true
    },
    {
      "name": "volatility_spike",
      "impact": -82.95733841856219,
      "cost_pct": 0.0008295733841856219,
      "affected_trades": 5,
      "passed": true
    }
  ],
  "trend_up_sharpe": 0.0,
  "trend_down_sharpe": 0.0,
  "range_sharpe": 0.0,
  "high_vol_sharpe": 0.0,
  "total_days": 41.62916666666667,
  "trading_days": 41.6,
  "avg_trades_per_day": 4.326923076923077,
  "best_day_return": 0.012073539918396582,
  "worst_day_return": -0.0018337418552602297,
  "avg_position_size_pct": 0.15764115070399878,
  "max_position_size_pct": 0.2,
  "kelly_optimal_fraction": 0.6397375107382627,
  "symbol": "BTC",
  "timeframe": "M1",
  "start_date": "2026-03-09 17:41:00+00:00",
  "end_date": "2026-04-20 08:47:00+00:00",
  "initial_capital": 100000.0,
  "final_capital": 108446.7637097218,
  "institutional_grade": false,
  "metric_notes": []
}