{
  "total_return_pct": 0.04186432161972276,
  "annualized_return_pct": 0.27762655389921376,
  "cagr": 0.4336062899481943,
  "sharpe_ratio": 7.569744516801612,
  "sortino_ratio": 47.684767704812934,
  "calmar_ratio": 129.10031331984706,
  "information_ratio": -4.2529316274176345,
  "omega_ratio": 12.223559464963047,
  "max_drawdown_pct": 0.0021504715733058817,
  "max_drawdown_duration_days": 24.0,
  "avg_drawdown_pct": 0.0006200556180356305,
  "recovery_factor": 19.467507564103943,
  "volatility_annualized": 0.036675815581754576,
  "downside_deviation": 0.00036675923706377847,
  "upside_deviation": 0.0024590385711948906,
  "var_95": -55.53057570107582,
  "cvar_95": -71.51881132994033,
  "total_trades": 172,
  "winning_trades": 119,
  "losing_trades": 53,
  "win_rate": 0.6918604651162791,
  "profit_factor": 3.575044839072824,
  "expectancy": 24.33972187193181,
  "expectancy_ratio": 0.793473119016626,
  "no_loss_trades": false,
  "no_win_trades": false,
  "profit_factor_capped": false,
  "avg_win": 48.84203991516713,
  "avg_loss": -30.674916753445572,
  "avg_win_loss_ratio": 1.5922468610996614,
  "largest_win": 174.29453115268464,
  "largest_loss": -94.8488719162779,
  "avg_trade_duration_minutes": 40.866279069767444,
  "median_trade_duration_minutes": 30.0,
  "max_consecutive_wins": 4,
  "max_consecutive_losses": 25,
  "avg_consecutive_wins": 1.394736842105263,
  "avg_consecutive_losses": 3.1578947368421053,
  "total_spread_cost": 948.6222696719348,
  "total_swap_cost": 5.686679221875516,
  "total_slippage_cost": 587.8815140735769,
  "total_commission": 158.10371161198916,
  "total_fees": 1700.2941745793764,
  "fee_impact_pct": 0.017002941745793764,
  "avg_spread_per_trade": 5.515245753906598,
  "avg_slippage_per_trade": 3.41791577949754,
  "risk_of_ruin": 0.0,
  "monte_carlo_runs": 10000,
  "mc_confidence_95_percentile": 102803.21877685237,
  "mc_worst_case": 101450.17371271094,
  "mc_best_case": 106836.02882926307,
  "wfa_passed": true,
  "wfa_total_windows": 5,
  "wfa_failed_windows": 0,
  "wfa_avg_sharpe": 8.19334955305455,
  "wfa_min_sharpe": 4.759405535908417,
  "stress_test_passed": true,
  "stress_scenarios": [
    {
      "name": "flash_crash",
      "impact": -4131.858923134499,
      "drawdown": 0.04131858923134499,
      "peak_notional": 20659.294615672494,
      "passed": true
    },
    {
      "name": "volatility_spike",
      "impact": -51.268736692463094,
      "cost_pct": 0.0005126873669246309,
      "affected_trades": 5,
      "passed": true
    }
  ],
  "trend_up_sharpe": 0.0,
  "trend_down_sharpe": 0.0,
  "range_sharpe": 0.0,
  "high_vol_sharpe": 0.0,
  "total_days": 41.5875,
  "trading_days": 41.6,
  "avg_trades_per_day": 4.134615384615384,
  "best_day_return": 0.012190103080230262,
  "worst_day_return": -0.0010496557225552847,
  "avg_position_size_pct": 0.09012374559009372,
  "max_position_size_pct": 0.2,
  "kelly_optimal_fraction": 0.4983354895538158,
  "symbol": "BTC",
  "timeframe": "M1",
  "start_date": "2026-02-24 17:57:00+00:00",
  "end_date": "2026-04-07 08:03:00+00:00",
  "initial_capital": 100000.0,
  "final_capital": 104186.43216197228,
  "institutional_grade": true,
  "metric_notes": []
}