{
  "total_return_pct": 0.31367067420961686,
  "annualized_return_pct": 1.9279270707517946,
  "cagr": 9.98245448059104,
  "sharpe_ratio": 4.034754022007006,
  "sortino_ratio": 35.42660266326261,
  "calmar_ratio": 100.10256810659482,
  "information_ratio": 0.0,
  "omega_ratio": 2.6508741485495877,
  "max_drawdown_pct": 0.019259516586016354,
  "max_drawdown_duration_days": 1456,
  "avg_drawdown_pct": 0.007455890567800496,
  "recovery_factor": 16.2865289379777,
  "volatility_annualized": 0.4778301379058509,
  "downside_deviation": 0.0034281579590684954,
  "upside_deviation": 0.04137919090004347,
  "var_95": -34.22868578075832,
  "cvar_95": -85.10525962462457,
  "total_trades": 2994,
  "winning_trades": 1407,
  "losing_trades": 1587,
  "win_rate": 0.46993987975951906,
  "profit_factor": 2.650874148549588,
  "expectancy": 10.476642425170917,
  "expectancy_ratio": 0.8750625496820965,
  "no_loss_trades": false,
  "no_win_trades": false,
  "profit_factor_capped": false,
  "avg_win": 35.7976867180442,
  "avg_loss": -11.972449773992729,
  "avg_win_loss_ratio": 2.9900051696859964,
  "largest_win": 636.2469377739305,
  "largest_loss": -259.17288764958937,
  "avg_trade_duration_minutes": 0.0,
  "median_trade_duration_minutes": 0.0,
  "max_consecutive_wins": 30,
  "max_consecutive_losses": 30,
  "avg_consecutive_wins": 3.482673267326733,
  "avg_consecutive_losses": 3.9185185185185185,
  "total_spread_cost": 9375.044817175321,
  "total_swap_cost": 0.0,
  "total_slippage_cost": 7501.660454175582,
  "total_commission": 0.0,
  "total_fees": 16876.705271350904,
  "fee_impact_pct": 0.16876705271350903,
  "avg_spread_per_trade": 3.1312774940465333,
  "avg_slippage_per_trade": 2.5055646139531005,
  "risk_of_ruin": 0.0,
  "monte_carlo_runs": 10000,
  "mc_confidence_95_percentile": 124756.16039757026,
  "mc_worst_case": 116995.63102787186,
  "mc_best_case": 144161.36059758987,
  "wfa_passed": false,
  "wfa_total_windows": 5,
  "wfa_failed_windows": 5,
  "wfa_avg_sharpe": -19.143122875705178,
  "wfa_min_sharpe": -48.570455754630366,
  "stress_test_passed": true,
  "stress_scenarios": [
    {
      "name": "flash_crash",
      "impact": -5322.818449026419,
      "drawdown": 0.053228184490264195,
      "peak_notional": 26614.092245132095,
      "passed": true
    },
    {
      "name": "volatility_spike",
      "impact": -375.8346920929651,
      "cost_pct": 0.003758346920929651,
      "passed": true
    }
  ],
  "trend_up_sharpe": 0.0,
  "trend_down_sharpe": 0.0,
  "range_sharpe": 0.0,
  "high_vol_sharpe": 0.0,
  "total_days": 0.0,
  "trading_days": 2994,
  "avg_trades_per_day": 1.0,
  "best_day_return": 0.0,
  "worst_day_return": 0.0,
  "avg_position_size_pct": 0.0,
  "max_position_size_pct": 0.0,
  "kelly_optimal_fraction": 0.29266255408314024,
  "symbol": "BTC",
  "timeframe": "M1",
  "start_date": "2026-01-16 02:01:00+00:00",
  "end_date": "2026-02-26 16:03:00+00:00",
  "initial_capital": 100000.0,
  "final_capital": 131367.06742096168,
  "institutional_grade": true,
  "metric_notes": []
}