{
  "total_return_pct": -0.0010767264979817265,
  "annualized_return_pct": -0.007645079000407895,
  "cagr": -0.007645079000407895,
  "sharpe_ratio": -2.602174965983755,
  "sortino_ratio": -1.3532792021515263,
  "calmar_ratio": -4.430033454708788,
  "information_ratio": 2.0925683702955844,
  "omega_ratio": 0.3363614869425727,
  "max_drawdown_pct": 0.001725738434837723,
  "max_drawdown_duration_days": 45.96666666666667,
  "avg_drawdown_pct": 0.0009569427145838891,
  "recovery_factor": -0.623922186726388,
  "volatility_annualized": 0.002005540152687336,
  "downside_deviation": 0.00024292945620646696,
  "upside_deviation": 8.72971493553601e-05,
  "var_95": -13.561370815382592,
  "cvar_95": -18.205018887065574,
  "total_trades": 107,
  "winning_trades": 46,
  "losing_trades": 61,
  "win_rate": 0.42990654205607476,
  "profit_factor": 0.6998718813908036,
  "expectancy": -1.0062864467118906,
  "expectancy_ratio": -0.17110107696412116,
  "no_loss_trades": false,
  "no_win_trades": false,
  "profit_factor_capped": false,
  "avg_win": 5.458325477349265,
  "avg_loss": -5.881239700921944,
  "avg_win_loss_ratio": 0.9280909731486743,
  "largest_win": 23.924386615155736,
  "largest_loss": -22.699440711563973,
  "avg_trade_duration_minutes": 105.2803738317757,
  "median_trade_duration_minutes": 30.0,
  "max_consecutive_wins": 10,
  "max_consecutive_losses": 7,
  "avg_consecutive_wins": 1.84,
  "avg_consecutive_losses": 2.44,
  "total_spread_cost": 30.18495061847579,
  "total_swap_cost": 2.1588235842912886,
  "total_slippage_cost": 29.74102532277892,
  "total_commission": 15.092475309237894,
  "total_fees": 77.1772748347839,
  "fee_impact_pct": 0.000771772748347839,
  "avg_spread_per_trade": 0.2821023422287457,
  "avg_slippage_per_trade": 0.2779535076895226,
  "risk_of_ruin": 0.0,
  "monte_carlo_runs": 10000,
  "mc_confidence_95_percentile": 99850.78987225647,
  "mc_worst_case": 99799.52261237342,
  "mc_best_case": 99919.7724831597,
  "mc_max_drawdown_median": 0.0017960877966981315,
  "mc_max_drawdown_95pct": 0.001974248671249067,
  "mc_max_drawdown_worst": 0.0025763285180196312,
  "wfa_passed": true,
  "wfa_total_windows": 1,
  "wfa_failed_windows": 0,
  "wfa_avg_sharpe": -2.192620648640206,
  "wfa_min_sharpe": -6.577861945920617,
  "stress_test_passed": true,
  "stress_scenarios": [
    {
      "name": "flash_crash",
      "impact": -770.6130730088764,
      "drawdown": 0.007706130730088764,
      "peak_notional": 3853.065365044382,
      "passed": true
    },
    {
      "name": "volatility_spike",
      "impact": -4.169302615342839,
      "cost_pct": 4.169302615342839e-05,
      "affected_trades": 5,
      "passed": true
    },
    {
      "name": "correlation_breakdown",
      "impact": -2115.767566715593,
      "drawdown": 0.021157675667155932,
      "affected_positions": 10,
      "source_rows": 50000,
      "passed": true
    }
  ],
  "trend_up_sharpe": 0.0,
  "trend_down_sharpe": 0.0,
  "range_sharpe": 0.0,
  "high_vol_sharpe": 0.0,
  "total_days": 51.272222222222226,
  "trading_days": 36.6,
  "avg_trades_per_day": 2.9234972677595628,
  "best_day_return": 0.00028445885160543094,
  "worst_day_return": -0.0006521061390691905,
  "avg_position_size_pct": 0.01411595062706162,
  "max_position_size_pct": 0.03852981442056253,
  "kelly_optimal_fraction": 0.0,
  "symbol": "XAU",
  "timeframe": "M1",
  "start_date": "2026-03-10 07:18:00+00:00",
  "end_date": "2026-04-30 13:50:00+00:00",
  "initial_capital": 100000.0,
  "final_capital": 99892.32735020183,
  "institutional_grade": true,
  "metric_notes": []
}