{
  "total_return_pct": 0.19884373115214768,
  "annualized_return_pct": 1.1529565335742142,
  "cagr": 2.47027998216469,
  "sharpe_ratio": 9.005072219510424,
  "sortino_ratio": 0.0,
  "calmar_ratio": 583.023322334869,
  "information_ratio": -10.28884649643922,
  "omega_ratio": 0.0,
  "max_drawdown_pct": 0.001977547877427783,
  "max_drawdown_duration_days": 37.0,
  "avg_drawdown_pct": 0.00034304670195295524,
  "recovery_factor": 100.55065337319962,
  "volatility_annualized": 0.12803412404358228,
  "downside_deviation": 0.0,
  "upside_deviation": 0.0080653917035551,
  "var_95": -50.99757531300479,
  "cvar_95": -78.00065607363517,
  "total_trades": 851,
  "winning_trades": 608,
  "losing_trades": 243,
  "win_rate": 0.7144535840188014,
  "profit_factor": 3.8512671584903586,
  "expectancy": 23.36589085219132,
  "expectancy_ratio": 0.8141691181118181,
  "no_loss_trades": false,
  "no_win_trades": false,
  "profit_factor_capped": false,
  "avg_win": 44.174745782580395,
  "avg_loss": -28.69906304771221,
  "avg_win_loss_ratio": 1.5392399991992718,
  "largest_win": 330.65827414366964,
  "largest_loss": -212.00959980231653,
  "avg_trade_duration_minutes": 28.580493537015276,
  "median_trade_duration_minutes": 18.0,
  "max_consecutive_wins": 4,
  "max_consecutive_losses": 17,
  "avg_consecutive_wins": 1.2857142857142858,
  "avg_consecutive_losses": 3.2222222222222223,
  "total_spread_cost": 2438.5594645652523,
  "total_swap_cost": 28.747619838656885,
  "total_slippage_cost": 1667.4621088045565,
  "total_commission": 1219.2797322826261,
  "total_fees": 5354.048925491092,
  "fee_impact_pct": 0.053540489254910915,
  "avg_spread_per_trade": 2.8655222850355493,
  "avg_slippage_per_trade": 1.9594149339654012,
  "risk_of_ruin": 0.0,
  "monte_carlo_runs": 10000,
  "mc_confidence_95_percentile": 118316.61602135423,
  "mc_worst_case": 117530.81203348374,
  "mc_best_case": 119110.99561189683,
  "wfa_passed": true,
  "wfa_total_windows": 5,
  "wfa_failed_windows": 0,
  "wfa_avg_sharpe": 19.215418865036447,
  "wfa_min_sharpe": 10.381679660936591,
  "stress_test_passed": true,
  "stress_scenarios": [
    {
      "name": "flash_crash",
      "impact": -4793.280891558872,
      "drawdown": 0.04793280891558872,
      "peak_notional": 23966.40445779436,
      "passed": true
    },
    {
      "name": "volatility_spike",
      "impact": -29.391224009481014,
      "cost_pct": 0.00029391224009481015,
      "affected_trades": 5,
      "passed": true
    }
  ],
  "trend_up_sharpe": 0.0,
  "trend_down_sharpe": 0.0,
  "range_sharpe": 0.0,
  "high_vol_sharpe": 0.0,
  "total_days": 53.238194444444446,
  "trading_days": 38.0,
  "avg_trades_per_day": 22.394736842105264,
  "best_day_return": 0.044323679294634974,
  "worst_day_return": 3.935343073056399e-06,
  "avg_position_size_pct": 0.1291393438538798,
  "max_position_size_pct": 0.2,
  "kelly_optimal_fraction": 0.5289422822531621,
  "symbol": "XAU",
  "timeframe": "M1",
  "start_date": "2026-02-26 08:18:00+00:00",
  "end_date": "2026-04-20 14:01:00+00:00",
  "initial_capital": 100000.0,
  "final_capital": 119884.37311521477,
  "institutional_grade": false,
  "metric_notes": []
}