{
  "total_return_pct": 0.7509432699789951,
  "annualized_return_pct": 3.784754080694139,
  "cagr": 56.594221254198104,
  "sharpe_ratio": 7.5919178671549545,
  "sortino_ratio": 95.95199337397517,
  "calmar_ratio": 216.95753901938298,
  "information_ratio": 0.0,
  "omega_ratio": 2.8531789658524223,
  "max_drawdown_pct": 0.01744467649200247,
  "max_drawdown_duration_days": 504,
  "avg_drawdown_pct": 0.0055859663426711505,
  "recovery_factor": 43.04713075781404,
  "volatility_annualized": 0.4985241077314846,
  "downside_deviation": 0.0024847539748404264,
  "upside_deviation": 0.0370836896793585,
  "var_95": -72.45916148499975,
  "cvar_95": -134.7793260477526,
  "total_trades": 3698,
  "winning_trades": 1872,
  "losing_trades": 1826,
  "win_rate": 0.5062195781503516,
  "profit_factor": 2.853178965852422,
  "expectancy": 20.306740670064787,
  "expectancy_ratio": 0.9150634915215045,
  "no_loss_trades": false,
  "no_win_trades": false,
  "profit_factor_capped": false,
  "avg_win": 61.7608033661014,
  "avg_loss": -22.191619333758076,
  "avg_win_loss_ratio": 2.7830687989564757,
  "largest_win": 670.4306027269527,
  "largest_loss": -331.61340316309696,
  "avg_trade_duration_minutes": 0.0,
  "median_trade_duration_minutes": 0.0,
  "max_consecutive_wins": 64,
  "max_consecutive_losses": 50,
  "avg_consecutive_wins": 5.571428571428571,
  "avg_consecutive_losses": 5.4183976261127595,
  "total_spread_cost": 6640.184221530593,
  "total_swap_cost": 0.0,
  "total_slippage_cost": 7078.20174691667,
  "total_commission": 0.0,
  "total_fees": 13718.385968447263,
  "fee_impact_pct": 0.13718385968447264,
  "avg_spread_per_trade": 1.7956149868930755,
  "avg_slippage_per_trade": 1.9140621273436103,
  "risk_of_ruin": 0.0,
  "monte_carlo_runs": 10000,
  "mc_confidence_95_percentile": 163841.34741266372,
  "mc_worst_case": 152529.08072862,
  "mc_best_case": 192231.79894697107,
  "wfa_passed": false,
  "wfa_total_windows": 5,
  "wfa_failed_windows": 5,
  "wfa_avg_sharpe": 1.1288721804923523,
  "wfa_min_sharpe": -14.22209680065079,
  "stress_test_passed": true,
  "stress_scenarios": [
    {
      "name": "flash_crash",
      "impact": -6978.554038507781,
      "drawdown": 0.06978554038507781,
      "peak_notional": 34892.770192538905,
      "passed": true
    },
    {
      "name": "volatility_spike",
      "impact": -287.10931910154153,
      "cost_pct": 0.002871093191015415,
      "passed": true
    }
  ],
  "trend_up_sharpe": 0.0,
  "trend_down_sharpe": 0.0,
  "range_sharpe": 0.0,
  "high_vol_sharpe": 0.0,
  "total_days": 0.0,
  "trading_days": 3698,
  "avg_trades_per_day": 1.0,
  "best_day_return": 0.0,
  "worst_day_return": 0.0,
  "avg_position_size_pct": 0.0,
  "max_position_size_pct": 0.0,
  "kelly_optimal_fraction": 0.32879657587502387,
  "symbol": "XAU",
  "timeframe": "M1",
  "start_date": "2026-01-07 04:37:00+00:00",
  "end_date": "2026-02-26 16:01:00+00:00",
  "initial_capital": 100000.0,
  "final_capital": 175094.3269978995,
  "institutional_grade": true,
  "metric_notes": []
}