{
  "total_return_pct": 0.32334064951990904,
  "annualized_return_pct": 1.8107076373114912,
  "cagr": 5.813313473189877,
  "sharpe_ratio": 8.927946581118642,
  "sortino_ratio": 106.3021289718826,
  "calmar_ratio": 781.6552964703046,
  "information_ratio": -19.735406396724954,
  "omega_ratio": 114.64283691751551,
  "max_drawdown_pct": 0.0023165040210026654,
  "max_drawdown_duration_days": 16.0,
  "avg_drawdown_pct": 0.00044352371119914664,
  "recovery_factor": 139.58130294112578,
  "volatility_annualized": 0.20281344885518074,
  "downside_deviation": 0.0010730157594668107,
  "upside_deviation": 0.012933682161370693,
  "var_95": -62.30860448125366,
  "cvar_95": -93.662614725752,
  "total_trades": 826,
  "winning_trades": 637,
  "losing_trades": 189,
  "win_rate": 0.7711864406779662,
  "profit_factor": 5.215237206300687,
  "expectancy": 39.14535708473477,
  "expectancy_ratio": 0.9645034285603266,
  "no_loss_trades": false,
  "no_win_trades": false,
  "profit_factor_capped": false,
  "avg_win": 62.80192002192953,
  "avg_loss": -40.58602170358833,
  "avg_win_loss_ratio": 1.5473780721991046,
  "largest_win": 439.32806139696953,
  "largest_loss": -274.0153313270396,
  "avg_trade_duration_minutes": 47.07506053268765,
  "median_trade_duration_minutes": 27.0,
  "max_consecutive_wins": 3,
  "max_consecutive_losses": 20,
  "avg_consecutive_wins": 1.2857142857142858,
  "avg_consecutive_losses": 4.340136054421769,
  "total_spread_cost": 2724.135641687611,
  "total_swap_cost": 60.45480235848005,
  "total_slippage_cost": 2182.80588062262,
  "total_commission": 1362.0678208438055,
  "total_fees": 6329.464145512517,
  "fee_impact_pct": 0.06329464145512517,
  "avg_spread_per_trade": 3.297985038362725,
  "avg_slippage_per_trade": 2.6426221315043823,
  "risk_of_ruin": 0.0,
  "monte_carlo_runs": 10000,
  "mc_confidence_95_percentile": 127081.52286611134,
  "mc_worst_case": 122518.3349420519,
  "mc_best_case": 138974.8482857921,
  "wfa_passed": true,
  "wfa_total_windows": 5,
  "wfa_failed_windows": 0,
  "wfa_avg_sharpe": 17.063904899736677,
  "wfa_min_sharpe": 8.995347514626403,
  "stress_test_passed": true,
  "stress_scenarios": [
    {
      "name": "flash_crash",
      "impact": -5292.128894289115,
      "drawdown": 0.05292128894289115,
      "peak_notional": 26460.644471445576,
      "passed": true
    },
    {
      "name": "volatility_spike",
      "impact": -39.639331972565735,
      "cost_pct": 0.00039639331972565734,
      "affected_trades": 5,
      "passed": true
    }
  ],
  "trend_up_sharpe": 0.0,
  "trend_down_sharpe": 0.0,
  "range_sharpe": 0.0,
  "high_vol_sharpe": 0.0,
  "total_days": 53.327083333333334,
  "trading_days": 38.1,
  "avg_trades_per_day": 21.679790026246717,
  "best_day_return": 0.07560964408933445,
  "worst_day_return": -0.002181354538481632,
  "avg_position_size_pct": 0.14309937526583785,
  "max_position_size_pct": 0.2,
  "kelly_optimal_fraction": 0.6233146545689331,
  "symbol": "XAU",
  "timeframe": "M1",
  "start_date": "2026-02-12 23:53:00+00:00",
  "end_date": "2026-04-07 07:44:00+00:00",
  "initial_capital": 100000.0,
  "final_capital": 132334.0649519909,
  "institutional_grade": false,
  "metric_notes": []
}